/*!40101 SET @OLD_CHARACTER_SET_CLIENT=@@CHARACTER_SET_CLIENT */;
/*!40101 SET @OLD_CHARACTER_SET_RESULTS=@@CHARACTER_SET_RESULTS */;
/*!40101 SET @OLD_COLLATION_CONNECTION=@@COLLATION_CONNECTION */;
/*!50503 SET NAMES utf8 */;
/*!40103 SET @OLD_TIME_ZONE=@@TIME_ZONE */;
/*!40103 SET TIME_ZONE='+00:00' */;
/*!40014 SET @OLD_UNIQUE_CHECKS=@@UNIQUE_CHECKS, UNIQUE_CHECKS=0 */;
/*!40014 SET @OLD_FOREIGN_KEY_CHECKS=@@FOREIGN_KEY_CHECKS, FOREIGN_KEY_CHECKS=0 */;
/*!40101 SET @OLD_SQL_MODE=@@SQL_MODE, SQL_MODE='NO_AUTO_VALUE_ON_ZERO' */;
/*!40111 SET @OLD_SQL_NOTES=@@SQL_NOTES, SQL_NOTES=0 */;

--
-- Table structure for table `videogioco`
--
DROP DATABASE IF EXISTS ggwp;
CREATE DATABASE ggwp;
USE ggwp;
DROP USER IF EXISTS 'admin'@'localhost';
CREATE USER 'admin'@'localhost' IDENTIFIED BY 'adminadmin';
GRANT ALL ON ggwp.* TO 'admin'@'localhost';

/*!40101 SET @saved_cs_client     = @@character_set_client */;
/*!50503 SET character_set_client = utf8mb4 */;
CREATE TABLE `videogioco` (
  `titolo` varchar(50) NOT NULL,
  `data_pubb` date NOT NULL,
  `sviluppatore` varchar(45) DEFAULT NULL,
  `editore` varchar(45) DEFAULT NULL,
  `descrizione` varchar(1000) DEFAULT NULL,
  `prezzo` float DEFAULT NULL,
  `immagine` varchar(255) DEFAULT NULL,
  `video` varchar(255) DEFAULT NULL,
  `data_agg` date NOT NULL,
  `nAcq` int(255) DEFAULT 0,
  PRIMARY KEY (`titolo`) 
) ENGINE=InnoDB DEFAULT CHARSET=utf8mb4 COLLATE=utf8mb4_0900_ai_ci;
/*!40101 SET character_set_client = @saved_cs_client */;

CREATE TABLE `utenti` (
  `email` varchar(40) NOT NULL,
  `password` varchar(50) NOT NULL,
  `tipo` varchar(5) NOT NULL,
  `nickname` varchar(45) NOT NULL,
  `nome` varchar(70) DEFAULT NULL,
  `bio` mediumtext,
  `immagine` longtext,
  `punti` int DEFAULT '0',
  `portafoglio` double DEFAULT '0',
  PRIMARY KEY (`email`)
) ENGINE=InnoDB DEFAULT CHARSET=utf8mb4 COLLATE=utf8mb4_0900_ai_ci;

CREATE TABLE `genere` (
  `tipo` varchar(35) NOT NULL,
  PRIMARY KEY (`tipo`)
) ENGINE=InnoDB DEFAULT CHARSET=utf8mb4 COLLATE=utf8mb4_0900_ai_ci;

CREATE TABLE `vgGenere`(
	`genere` varchar(35) NOT NULL,
	`gioco` varchar(50) not null,
    primary key(`gioco`, `genere`),
    foreign key(`gioco`) references videogioco(`titolo`),
	foreign key(`genere`) references genere(`tipo`)
);

CREATE TABLE `carrello` (
  `titolo` varchar(50) NOT NULL,
  `email` varchar(40) NOT NULL,
  `acquistato` tinyint(1) NOT NULL,
  `data_acquisto` date,
  `prezzo` double NOT NULL,
  `prezzo_effettivo` double,
  `immagine` varchar(255) DEFAULT NULL,
  PRIMARY KEY (`titolo`,`email`)
) ENGINE=InnoDB DEFAULT CHARSET=utf8mb4 COLLATE=utf8mb4_0900_ai_ci;

INSERT INTO `utenti` VALUES ('oraobello@gmail.com','MQ==','admin','MJF','Michele','Informatico presso Unisa','mjf foto.jpg',0,0);

INSERT INTO `genere` VALUES('Singleplayer'),('Multiplayer'),('Open World');

INSERT INTO `videogioco` VALUES ('Assassin\'s Creed IV Black Flag','2013-11-19','Ubisoft Montreal','Ubisoft','Corre l\'anno 1715. I Caraibi sono sotto il controllo dei Pirati che hanno fondato una vera e propria repubblica, priva però di qualsiasi legge, perciò corruzione, avidità e crudeltà sono all\'ordine del giorno.Tra questi fuorilegge vive un giovane ed esuberante capitano di nome Edward Kenway.',19.99,'ablack.jpg','https://www.youtube.com/embed/6iH_tYD0skE','2020-11-19',0),('Assassin\'s Creed Odyssey','2018-10-05','Ubisoft Montreal','Ubisoft','Forgia il tuo destino in Assassin\'s Creed Odyssey. Vivi una vera e propria odissea per svelare i segreti del tuo passato, cambia il destino dell\'antica Grecia e diventa una leggenda vivente.',59.99,'a5.jpg','https://www.youtube.com/embed/a6bAnv30DC0','2020-11-20',0),('Assassin\'s Creed Rogue','2015-03-10','Ubisoft Montreal','Ubisoft','Assassin\'s Creed Rogue è in assoluto il capitolo più oscuro dell\'intero franchise di Assassin\'s Creed. Nei panni di Shay, vivrai una lenta ma profonda trasformazione da Assassino a cacciatore di Assassini.',19.99,'a4.jpg','https://www.youtube.com/embed/mNOPVP0ex0g','2020-11-19',0),('Assassin\'s Creed Syndicate','2015-11-19','Ubisoft Montreal','Ubisoft','Londra, 1868. Guida la tua organizzazione segreta durante la rivoluzione industriale e accresci il tuo potere per combattere chi sfrutta i poveri nel nome del progresso.',39.99,'a2.jpg','https://www.youtube.com/embed/AnR6Wae_cTI','2020-11-19',0),('Assassin\'s Creed Unity','2014-11-13','Ubisoft Montreal','Ubisoft','Assassin\'s Creed Unity racconta la storia di Arno, un giovane che intraprende un viaggio straordinario per svelare i poteri occulti che si celano dietro la Rivoluzione Francese. Nella modalità Coop, tu e i tuoi amici parteciperete ad una spietata battaglia per il destino di un\'intera Nazione.',29.99,'a3.jpg','https://www.youtube.com/embed/ts1GWdjfjPw','2020-11-19',0),('Assassin\'s Creed Valhalla','2020-11-10','Ubisoft Montreal','Ubisoft','Assassin\'s Creed: Valhalla e\' un videogioco sviluppato da Ubisoft Montreal e pubblicato da Ubisoft. E\' il dodicesimo capitolo della saga principale di Assassin\'s Creed, sequel di Assassin\'s Creed: Odyssey, pubblicato nel 2018.',40.00,'ac_val.jpg','https://www.youtube.com/embed/lZadKqKRMtE','2020-11-19',0),('Assassin\'s Creed III Remastered','2015-03-29','Ubisoft Montreal','Ubisoft','Rivivi la Rivoluzione Americana o scoprila per la prima volta in Assassin\'s Creed III Remastered, con grafica migliorata e meccaniche di gioco migliorate. In più, saranno inclusi anche la remastered di Assassin\'s Creed Liberation e tutti i DLC.',39.99,'ac3_remastered.jpg','https://www.youtube.com/embed/SVD2tBQe0p8','2020-11-19',0),('BIOMUTANT','2021-05-25','Experiment 101','THQ Nordic','BIOMUTANT è un gioco di ruolo post-apocalittico favolistico, con un mondo di gioco aperto e un sistema di combattimento originale in grado di unire combattimenti corpo a corpo, armi da fuoco e abilità mutanti.',59.99,'bio.jpg','https://www.youtube.com/embed/r5c0-TFP18g','2020-11-19',0),('Call of Duty: Black Ops','2010-11-09','Treyarch','Activision','La più grande serie d\'azione in prima persona di tutti i tempi e il seguito dell\'acclamato Call of Duty: Modern Warfare 2 ritorna con Call of Duty: Black Ops.',19.99,'cod1.jpg','https://www.youtube.com/embed/NoUxFJDow_4','2020-11-19',5),('Call of Duty: Black Ops II','2012-11-12','Treyarch','Activision','Call of Duty: Black Ops II, spingendo i giocatori in una guerra fredda da record, oltrepassa i limiti di ciò che i fan si aspettano da questo franchise di intrattenimento da record.',59.99,'cod2.jpg','https://www.youtube.com/embed/gogqxLD9DF0','2020-11-19',0),('Call of Duty: Black Ops III','2015-11-06','Treyarch','Activision','Call of Duty: Black Ops III Zombies Chronicles Edition include il gioco base completo e l\'espansione Zombies Chronicles.',59.99,'cod3.jpg','https://www.youtube.com/embed/rp4prBm-xU4','2020-11-19',0),('Cyberpunk 2077','2020-12-10','CD PROJEKT RED','CD PROJEKT RED','Cyberpunk 2077 è un\'avventura a mondo aperto ambientata a Night City, una megalopoli ossessionata dal potere, dalla moda e dalle modifiche cibernetiche. Vestirai i panni di V, un mercenario fuorilegge alla ricerca di un impianto unico in grado di conferire l\'immortalità.',59.99,'C2077.jpg','https://www.youtube.com/embed/2qGCax2Chik','2020-11-19',3),('Days Gone','2021-05-18','Bend Studio','Playstation Mobile, Inc.','Combatti ed esplora i letali Stati Uniti d\'America post-pandemici. In questo gioco open world di azione/avventura ti calerai nel ruolo di Deacon St. John, un motociclista randagio che corre sulle strade della morte, lottando giorno per giorno alla ricerca di un motivo per cui vivere.',49.99,'days.jpg','https://www.youtube.com/embed/QcAlXUKlAE4','2020-11-19',0),('DEATH STRANDING','2020-07-14','KOJIMA PRODUCTIONS','505 Games','Dal leggendario autore Hideo Kojima, l\'esperienza che sfida ogni definizione di genere. Sam Bridges deve affrontare un mondo completamente trasformato dal Death Stranding e, trasportando i frammenti disconnessi del nostro futuro, parte per un viaggio per ricostruire il mondo andato in frantumi.',59.99,'death.jpg','https://www.youtube.com/embed/WfbvZzTeC1M','2020-11-19',2),('Devil May Cry 4 Special Edition','2015-06-23','CAPCOM','CAPCOM','DMC4 e la sua esplosione di stile sono tornati con nuovi personaggi giocabili e modalità di gioco.',24.99,'devil.jpg','https://www.youtube.com/embed/Uz58uS7FZ28','2020-11-19',0),('DOOM Eternal','2020-05-20','id Software','Bethesda Softworks','Le armate infernali hanno invaso la Terra. Diventa lo Slayer in un\'epica campagna per giocatore singolo, conquista demoni attraverso le dimensioni e ferma la distruzione finale dell\'umanità. L\'unica cosa che temono... sei tu.',19.99,'doom.jpg','https://www.youtube.com/embed/x5xuV4H-OU8','2020-11-19',0),('Elite Dangerous: Odyssey','2021-05-19','Frontier Development','Frontier Development','Elite Dangerous: Odyssey è la seconda espansione a pagamento per Elite Dangerous. Frontier Developments lo ha descritto come il più grande aggiornamento mai realizzato e un momento determinante nella storia del gioco. È in fase di sviluppo attivo dall\'agosto 2018 ed è stato annunciato ufficialmente il 3 giugno 2020.',34.99,'od.jpg','https://www.youtube.com/embed/7nlemilLjQY','2020-11-19',0),('Euro Truck Simulator 2','2012-10-18','SCS Software','SCS Software','Viaggia in tutta Europa come il re della strada, un camionista che consegna carichi importanti su distanze impressionanti! Con dozzine di città da esplorare, la tua resistenza, abilità e velocità saranno tutte portate al limite.',19.99,'car2.jpg','https://www.youtube.com/embed/xlTuC18xVII','2020-11-19',0),('Fallout 4','2015-11-10','Bethesda Game Studios','Bethesda Softworks','Bethesda Game Studios, pluripremiati creatori di Fallout 3 e The Elder Scrolls V: Skyrim, vi danno il benvenuto nel mondo di Fallout 4, il loro gioco più ambizioso di sempre e la nuova generazione dei giochi in un mondo aperto.',29.99,'fall.jpg','https://www.youtube.com/embed/Rs1CrdSuA6k','2020-11-19',0),('Far Cry','2004-03-23','Ubisoft Montreal','Ubisoft','Un paradiso tropicale ribolle di malvagità nascosta in Far Cry, uno sparatutto d\'azione astutamente dettagliato che spinge i confini del combattimento a nuovi livelli scioccanti. Il marinaio freelance Jack Carver sta maledicendo il giorno in cui è mai arrivato su quest\'isola.',9.99,'far.jpg','https://www.youtube.com/embed/axHGJjh1_oU','2020-11-19',0),('Far Cry 2','2008-10-22','Ubisoft Montreal','Ubisoft','Sei un mercenario, intrappolato in uno stato africano devastato dalla guerra, colpita dalla malaria e costretto a fare accordi con i capi militari di entrambe le fazioni del conflitto per rendere questo paese la tua casa.',9.99,'far2.jpg','https://www.youtube.com/embed/m-7m4vtn-eM','2020-11-19',0),('Far Cry 3','2012-11-29','Ubisoft Montreal','Ubisoft','Scopri gli oscuri segreti di un\'isola senza legge in cui la violenza è padrona, combattendo nemici mentre cerchi di fuggire. Avrai bisogno di ben altro che la fortuna per riuscire nel tuo intento!',19.99,'far3.jpg','https://www.youtube.com/watch?https://www.youtube.com/embed/DQu52eG6wD8','2020-11-19',0),('Far Cry 4','2014-11-18','Ubisoft Montreal','Ubisoft','Nascosta tra le maestose vette dell\'Himalaya si trova la regione del Kyrat, un paese ricco di tradizioni ma anche di violenza. Nei panni di Ajay Ghale hai raggiunto il Kyrat per esaudire l\'ultimo desiderio di tua madre, ma presto sarai coinvolto in una spietata guerra civile per rovesciare il regime del dittatore ',39.99,'far4.jpg','https://www.youtube.com/embed/e0zEo-r8VZQ','2020-11-19',0),('Far Cry 5','2018-03-27','Ubisoft Montreal','Ubisoft','Ecco Hope County, Montana, terra dei liberi, patria dei coraggiosi.. e della setta apocalittica Eden\'s Gate. Affronta il capo spirituale Joseph Seed e i suoi fratelli, gli Araldi: accendi il fuoco della ribellione e libera una comunità sotto assedio.',59.99,'far5.jpg','https://www.youtube.com/embed/YHFjhDdaaSM','2020-11-19',0),('Farming Simulator 19','2918-11-20','Giants Software','Focus Home Interactive','Il celebre titolo campione di vendite fa un grande balzo in avanti con un motore grafico totalmente rinnovato, effetti visivi ancora più impressionanti e la simulazione agricola più ricca e dettagliata di sempre .',NULL,'farm.jpg','https://www.youtube.com/embed/SKWR8B0LlhI','2020-11-19',0),('Forza Horizon 4','2021-03-09','Playground Games','Xbox Game Studios','Le stagioni dinamiche cambiano tutto nel festival automobilistico più grande del mondo. Gareggia in solitaria o fai squadra per esplorare la bellissima e storica Gran Bretagna in un mondo aperto e condiviso.',69.99,'car.jpg','https://www.youtube.com/embed/5xy4n73WOMM','2020-11-19',0),('Grand Theft Auto IV','2013-03-20','Rockstar North','Rockstar Games','Niko Bellic, Johnny Klebitz e Luis Lopez hanno tutti una cosa in comune: vivono nella peggior città di tutta l\'America. Liberty City è una città che venera denaro e status, un paradiso per chi li possiede entrambi, ma un incubo per chi non ha né l\'uno né l\'altro.',19.99,'gta4.jpg','https://www.youtube.com/embed/lTu9y8J01NY','2020-11-19',0),('Grand Theft Auto V','2015-04-14','Rockstar North','Rockstar Games','Grand Theft Auto V per PC offre ai giocatori la possibilità di esplorare il pluripremiato mondo di Los Santos e Blaine County in risoluzioni fino a 4k e oltre, e di giocare a 60 frame al secondo',39.99,'gta5.jpg','https://www.youtube.com/embed/gBr8O0wxAU4','2020-11-19',0),('Half-Life: Alyx','2020-03-23','Valve','Valve','Half-Life: Alyx è il ritorno in VR di Valve alla serie Half-Life. La storia, ambientata tra gli eventi di Half-Life e Half-Life 2, è quella della lotta impossibile contro una feroce razza aliena nota con il nome di Combine.',49.99,'half.jpg','https://www.youtube.com/embed/x3am0YmfRQU','2020-11-19',0),('Horizon Zero Dawn Complete Edition','2020-08-07','Guerrilla','Playstation Mobile, Inc.','Vivi il viaggio leggendario di Aloy e svela i misteri della Terra del futuro dominata dalle Macchine. Usa attacchi strategici e devastanti contro le tue prede ed esplora un maestoso open world in questo pluripremiato GdR d\'azione!',49.99,'zero.jpg','https://www.youtube.com/embed/Jj5I3Ka89eU','2020-11-19',0),('Hunt: Showdown','2019-08-27','Crytek','Crytek','Hunt: Showdown è un gioco in prima persona di caccia alle taglie PvP con potenti elementi PvE, dai creatori di Crysis. Ambientato negli angoli più oscuri del mondo, racchiude tutta l\'emozione dei giochi di sopravvivenza in un formato basato su battaglie.',39.99,'hunt.jpg','https://www.youtube.com/embed/TVjLmaLgB1M','2020-11-19',0),('King of Seas','2021-05-25','3DClouds','Team17','King of Seas è un gioco di ruolo d\'azione ambientato in un mondo piratesco procedurale. Un universo ricco di personaggi strabilianti e missioni mozzafiato che ti terrà ancorato mentre lotti per diventare il re di tutti i pirati.',24.99,'seas.jpg','https://www.youtube.com/embed/eiHApUKkrh4','2020-11-19',0),('Mass Effect  Legendary Edition','2021-05-14','BioWare','Electronic Arts','Mass Effect™ Legendary Edition includerà tutti i contenuti di base per giocatore singolo e oltre 40 contenuti scaricabili degli acclamati Mass Effect, Mass Effect 2 e Mass Effect 3, incluse armi, corazze e pacchetti promozionali, tutto rimasterizzato e ottimizzato in 4K Ultra HD.',59.99,'mass.jpg','https://www.youtube.com/embed/aNhEbBLIc9A','2020-11-19',0),('Phasmophobia','2020-09-18','Kinetic Games','Kinetic Games','Phasmophobia è un horror psicologico cooperativo online per 4 giocatori. L\'attività paranormale è in aumento e spetta a te e al tuo team utilizzare tutte le attrezzature per la caccia ai fantasmi a tua disposizione per raccogliere quante più prove possibile.',11.59,'horror.jpg','https://www.youtube.com/embed/sRa9oeo5KiY','2020-11-19',0),('Planet Zoo','2019-11-05','Frontier Development','Frontier Development','Crea un mondo per gli animali selvatici in Planet Zoo. Dagli sviluppatori di Planet Coaster e Zoo Tycoon arriva la simulazione di zoo definitiva. Costruisci habitat dettagliati, gestisci il tuo zoo e incontra animali autentici che pensano, sentono ed esplorano il mondo che hai plasmato intorno a loro.',29.99,'zoo.jpg','https://www.youtube.com/embed/TAvzq-HrSoQ','2020-11-19',0),('Red Dead Redemption 2','2019-12-05','Rockstar Games','Rockstar Games','Red Dead Redemption 2, l\'epico gioco open world di Rockstar Games acclamato dalla critica e in cima alle classifiche di gradimento per i giochi dell\'attuale generazione di console, è ora disponibile per PC in una versione migliorata, con nuovi contenuti per la modalità Storia, miglioramenti grafici e altro ancora.',59.99,'red.jpg','https://www.youtube.com/embed/swDArrcpwhY','2020-11-19',0),('Resident Evil 2','2019-01-25','CAPCOM Co.','CAPCOM Co.','Pubblicato originalmente nel 1998, Resident Evil 2, uno dei giochi più leggendari in assoluto, ritorna completamente rivisitato per le console di nuova generazione.',39.99,'re2.jpg','https://www.youtube.com/embed/LrS4Ldfzqr8','2020-11-19',0),('Resident Evil 3','2020-04-03','CAPCOM Co.','CAPCOM Co.','Jill Valentine è una delle poche superstiti delle atrocità che hanno sconvolto Raccoon City. Per fermarla, la Umbrella è pronta a ricorrere alla sua arma segreta più temibile: Nemesis! Include anche Resident Evil Resistance, una nuova esperienza multiplayer online 1 vs 4.',59.99,'re3.jpg','https://www.youtube.com/embed/xR6s4vD6lw4','2020-11-19',0),('Resident Evil 4','2014-02-28','CAPCOM Co.','CAPCOM Co.','L\'agente speciale Leon S. Kennedy viene inviato in missione per salvare la figlia del presidente degli Stati Uniti che è stata rapita.',19.99,'re4.jpg','https://www.youtube.com/embed/hvZixwtZIEk','2020-11-19',0),('Resident Evil 5','2009-09-15','CAPCOM Co.','CAPCOM Co.','Questo titolo è la trasposizione della versione Games for Windows - Live rilasciata nel 2009. Se acquisti l\'Untold Stories Bundle su Steam, sarà come aggiornare la tua versione a Resident Evil 5 Gold Edition.',27.99,'re5.jpg','https://www.youtube.com/embed/kJmwCygg0r0','2020-11-19',0),('Resident Evil 6','2013-05-22','CAPCOM Co.','CAPCOM Co.','Azione e survival horror sono gli ingredienti grazie ai quali Resident Evil 6 si propone come l\'esperienza horror definitiva del 2013.',29.99,'re6.jpg','https://www.youtube.com/embed/VPCuAykQYuo','2020-11-19',0),('Sea of Thieves','2020-06-03','Rare Ltd','Xbox Game Studios','Sea of Thieves ti coinvolge in un\'esperienza piratesca totale, dalla navigazione ai combattimenti, fino all\'esplorazione e ai saccheggi: vivi da filibustiere ed entra di diritto nella leggenda.',39.99,'pirati.jpg','https://www.youtube.com/embed/r5JIBaasuE8','2020-11-19',0),('SnowRunner','2021-05-18','Saber Interactive','Focus Home Interactive','Preparati a un\'esperienza fuoristrada di nuova generazione! Guida potenti veicoli e supera gli ambienti più ostili per completare decine di missioni impegnative, da solo o con altri 3 amici!',29.99,'snow.jpg','https://www.youtube.com/embed/el4phhZ0NNI','2020-11-19',0),('Subnautica: Below Zero','2021-05-14','Unknown Worlds Entertainment','Unknown Worlds Entertainment','Tuffati in una ghiacciata avventura sottomarina su un pianeta alieno. Below Zero ha luogo due anni dopo il gioco originale Subnautica. Sopravvivi alle condizioni estreme costruendo habitat, costruendo strumenti e scavando a fondo nel mondo di Subnautica',29.99,'sub.jpg','https://www.youtube.com/embed/bRx1UrkhgAA','2020-11-19',0),('Tetris','1984-06-06','Aleksej Leonidovia Paznitov','Atari Games','Tetris e\' un videogioco di logica e ragionamento inventato da Aleksej Leonidovic Pazitnov nel 1984, mentre lavorava per l\'Accademia delle Scienze dell\'URSS di Mosca. Pazitnovha affermato che i tetramini sono stati la sua fonte d\'ispirazione per questo gioco.',1,'tetris.jpg','https://www.youtube.com/embed/QQvVjC3xr4M','2020-11-19',0),('The Bus','2021-03-25','TML-Studios','AeroSoft GmbH','The Bus è il simulatore di guida di autobus urbani di nuova generazione ambientata nella capitale della Germania, Berlino, su una scala realistica 1:1. Trasporta i passeggeri su diverse linee in tutta la città con vari autobus. Gestisci la tua flotta e collabora con altri conducenti online.',25.95,'bus.jpg','https://www.youtube.com/embed/sYvWut0vM6c','2020-11-19',0),('The Sims 4','2017-09-02','Maxis','Electronic Arts','Acquisisci il potere di creare e controllare personaggi in un mondo virtuale dove non esistono regole. Goditi il potere e la libertà, divertiti e gioca con la vita!',39.99,'sims4.jpg','https://www.youtube.com/embed/22I4Aeid13c','2020-11-19',0),('Total War: ROME REMASTERED','2021-04-29','Creative Assembly','SEGA','Total War: ROME REMASTERED ti fa rivivere il gioco che ha reso famosa la pluripremiata serie di strategia. Ora rimasterizzato in 4K, con miglioramenti alla grafica e refiniture alle meccaniche di gioco: è tempo di riscoprire un grande classico!',29.99,'rome.jpg','https://www.youtube.com/embed/nLYIHoBb3kM','2020-11-19',0);

INSERT INTO `vgGenere` VALUES ('Singleplayer','Tetris'),('Open World','Assassin\'s Creed Valhalla'),('Multiplayer','Assassin\'s Creed Valhalla'),('Singleplayer','Assassin\'s Creed Valhalla'),('Singleplayer','Cyberpunk 2077'),('Open World','Cyberpunk 2077'),('Multiplayer','Call of Duty: Black Ops'),('Open World','Call of Duty: Black Ops'),('Multiplayer','Call of Duty: Black Ops II'),('Open World','Call of Duty: Black Ops II'),('Multiplayer','Call of Duty: Black Ops III'),('Open World','Call of Duty: Black Ops III'),('Singleplayer','Mass Effect  Legendary Edition'),('Singleplayer','Elite Dangerous: Odyssey'),('Open World','Elite Dangerous: Odyssey'),('Singleplayer','Half-Life: Alyx'),('Singleplayer','Total War: ROME REMASTERED'),('Open World','Total War: ROME REMASTERED'),('Singleplayer','BIOMUTANT'),('Open World','BIOMUTANT'),('Singleplayer','Red Dead Redemption 2'),('Open World','Red Dead Redemption 2'),('Singleplayer','SnowRunner'),('Multiplayer','SnowRunner'),('Open World','SnowRunner'),('Multiplayer','BIOMUTANT'),('Singleplayer','Planet Zoo'),('Singleplayer','King of Seas'),('Singleplayer','Assassin\'s Creed IV Black Flag'),('Multiplayer','Assassin\'s Creed IV Black Flag'),('Open World','Assassin\'s Creed IV Black Flag'),('Singleplayer','Assassin\'s Creed Unity'),('Multiplayer','Assassin\'s Creed Unity'),('Open World','Assassin\'s Creed Unity'),('Singleplayer','Assassin\'s Creed Syndicate'),('Multiplayer','Assassin\'s Creed Syndicate'),('Open World','Assassin\'s Creed Syndicate'),('Singleplayer','Assassin\'s Creed Rogue'),('Multiplayer','Assassin\'s Creed Rogue'),('Open World','Assassin\'s Creed Rogue'),('Singleplayer','Assassin\'s Creed III Remastered'),('Multiplayer','Assassin\'s Creed III Remastered'),('Open World','Assassin\'s Creed III Remastered'),('Singleplayer','Assassin\'s Creed Odyssey'),('Multiplayer','Assassin\'s Creed Odyssey'),('Open World','Assassin\'s Creed Odyssey'),('Singleplayer','Fallout 4'),('Open World','Fallout 4'),('Singleplayer','Devil May Cry 4 Special Edition'),('Multiplayer','Devil May Cry 4 Special Edition'),('Singleplayer','Far Cry'),('Multiplayer','Far Cry'),('Open World','Far Cry'),('Singleplayer','Far Cry 2'),('Multiplayer','Far Cry 2'),('Open World','Far Cry 2'),('Singleplayer','Far Cry 3'),('Multiplayer','Far Cry 3'),('Open World','Far Cry 3'),('Singleplayer','Far Cry 4'),('Multiplayer','Far Cry 4'),('Open World','Far Cry 4'),('Singleplayer','Far Cry 5'),('Multiplayer','Far Cry 5'),('Open World','Far Cry 5'),('Singleplayer','Days Gone'),('Open World','Days Gone'),('Singleplayer','Sea of Thieves'),('Multiplayer','Sea of Thieves'),('Open World','Sea of Thieves'),('Singleplayer','Subnautica: Below Zero'),('Open World','Subnautica: Below Zero'),('Singleplayer','The Sims 4'),('Open World','The Sims 4'),('Singleplayer','Grand Theft Auto V'),('Multiplayer','Grand Theft Auto V'),('Open World','Grand Theft Auto V'),('Singleplayer','Grand Theft Auto IV'),('Multiplayer','Grand Theft Auto IV'),('Open World','Grand Theft Auto IV'),('Multiplayer','Forza Horizon 4'),('Open World','Forza Horizon 4'),('Singleplayer','Euro Truck Simulator 2'),('Singleplayer','Farming Simulator 19'),('Singleplayer','The Bus'),('Multiplayer','Phasmophobia'),('Open World','Phasmophobia'),('Multiplayer','Hunt: Showdown'),('Open World','Hunt: Showdown'),('Singleplayer','Resident Evil 2'),('Multiplayer','Resident Evil 2'),('Singleplayer','Resident Evil 3'),('Multiplayer','Resident Evil 3'),('Singleplayer','Resident Evil 6'),('Multiplayer','Resident Evil 6'),('Singleplayer','Resident Evil 5'),('Multiplayer','Resident Evil 5'),('Singleplayer','Resident Evil 4'),('Multiplayer','Resident Evil 4'),('Singleplayer','DOOM Eternal'),('Multiplayer','DOOM Eternal'),('Singleplayer','DEATH STRANDING'),('Multiplayer','DEATH STRANDING'),('Open World','DEATH STRANDING'),('Singleplayer','Horizon Zero Dawn Complete Edition'),('Multiplayer','Horizon Zero Dawn Complete Edition'),('Open World','Horizon Zero Dawn Complete Edition');

INSERT INTO `carrello` VALUES('BIOMUTANT', 'oraobello@gmail.com', 1, '2015-02-02',30.00, 30.00, 'bio.jpg'),('Assassin\'s Creed Valhalla', 'oraobello@gmail.com', 1, '2015-02-02', 50.00, 50.00, 'ac_val.jpg');
/*!40103 SET TIME_ZONE=@OLD_TIME_ZONE */;

/*!40101 SET SQL_MODE=@OLD_SQL_MODE */;
/*!40014 SET FOREIGN_KEY_CHECKS=@OLD_FOREIGN_KEY_CHECKS */;
/*!40014 SET UNIQUE_CHECKS=@OLD_UNIQUE_CHECKS */;
/*!40101 SET CHARACTER_SET_CLIENT=@OLD_CHARACTER_SET_CLIENT */;
/*!40101 SET CHARACTER_SET_RESULTS=@OLD_CHARACTER_SET_RESULTS */;
/*!40101 SET COLLATION_CONNECTION=@OLD_COLLATION_CONNECTION */;
/*!40111 SET SQL_NOTES=@OLD_SQL_NOTES */;

